title,price,img
【品牌专供】Warrior回力 回潮 时尚简约百搭 防滑耐磨透气 低帮 板鞋 女款 白色,81,https://cdn.poizon.com/pro-img/origin-img/20240401/d5b634bc86304a0995ad5e4438415990.jpg
【品牌专供】特步 空军一号 舒适 防滑耐磨 低帮 板鞋 女款 白色,97,https://cdn.poizon.com/pro-img/origin-img/20230721/99804d4a71a54055ab2dfbcfa6a34795.jpg
【品牌专供】特步 空军一号 休闲 防滑耐磨 低帮 板鞋 男款 白色,98,https://cdn.poizon.com/pro-img/origin-img/20230721/52bf5e2d706c4708bbfd98581db0d629.jpg
【品牌专供】TALKING TOM 会说话的汤姆猫 舒适百搭经典dunk运动时尚休闲拼接潮流小众设计情侣鞋 包裹性防滑减震抗冲击性耐磨平衡轻便透气支撑增高 低帮 板鞋 男女同款,99,https://cdn.poizon.com/pro-img/origin-img/20241119/7234edb7e719472da617b44a4e7c92cb.jpg
【品牌专供】Crayon Shinchan蜡笔小新 德训鞋经典复古T头奶油学院风拼接贝壳圆头潮流学院风百搭防滑耐磨舒适 低帮 板鞋 男女同款,99,https://cdn.poizon.com/pro-img/origin-img/20250111/22a96c2e309e42449611c78c20340f27.jpg
【品牌专供】Crelinkxlat 珍珠蝴蝶链 法式 仙女温柔 PU 礼盒女朋友气质高级感尖头秀禾主婚纱伴娘 细跟 高跟鞋 女款,119,https://cdn.poizon.com/pro-img/origin-img/20250516/b0291e5cf54b4470b174dc9c1a117df2.png
【品牌专供】Kawasaki川崎 飞跃1.0 入门级日常网球综合训练鞋  减震防滑耐磨 低帮 羽毛球鞋 男女同款,179,https://cdn.poizon.com/pro-img/origin-img/20240824/5459deee5a5c4569b8632c48ff987b29.jpg
Crocs卡骆驰 Classic clog 贝雅 透气洞洞 运动凉鞋 男女同款 白,194,https://cdn.poizon.com/pro-img/origin-img/20221207/d0d69440096240f0a46226298cfa8665.jpg
Crocs卡骆驰 Bayaband Clog 贝雅 洞洞鞋 男女同款 黑,197,https://cdn.poizon.com/pro-img/origin-img/20220212/72066f7058a341c2a9ae0ea48a002c5a.jpg
【品牌专供】adidas originals Nizza Platform 舒适 耐磨 防滑 低帮 板鞋 女款 白黑,200,https://cdn.poizon.com/pro-img/origin-img/20240415/b8915f3214de49ed839237d071273c7a.jpg
PUMA彪马 Skye 皮革 街头风 低帮 板鞋 女款 白黑,206,https://cdn.poizon.com/pro-img/origin-img/20230721/92ef5ce983474cb79c5f1130405da293.jpg
Crocs卡骆驰 Classic clog EVA 贝雅沙滩 洞洞鞋 2cm 男女同款 黑,207,https://cdn.poizon.com/pro-img/origin-img/20220212/ac1a6fea1d1f4e57aa21067dd20a569e.jpg
【品牌专供】adidas originals Nizza Platform 织物 防滑 舒适 耐磨 低帮 板鞋 女款 白色,212,https://cdn.poizon.com/pro-img/origin-img/20240415/d65851e84cbf494b90b6f1b0f6b2ede7.jpg
PUMA彪马 Smash Suede 绒面革 低帮 板鞋 男款 藏红,218,https://cdn.poizon.com/pro-img/origin-img/20230721/0fabb74d8aad4884ad9454c3355596fd.jpg
【品牌专供】CAMEL骆驼 追寻 透网 舒适透气软底减震复古耐磨防滑耐磨 低帮 休闲跑步鞋 女款,219,https://cdn.poizon.com/pro-img/origin-img/20240719/f5f4e6b1123b4e95bb1dc5c5bfeef216.jpg
Crocs卡骆驰 Bayaband Clog 贝雅 户外潮流 洞洞鞋 男女同款 米白,220,https://cdn.poizon.com/pro-img/origin-img/20250522/f1113d58b5984e46a699517fa0684f28.jpg
Crocs卡骆驰 Bayaband Clog 贝雅 EVA 洞洞鞋 运动凉鞋 男女同款 蓝白红,224,https://cdn.poizon.com/pro-img/origin-img/20220212/6a9296091b514f3b93d9ec14455d55b7.jpg
【品牌专供】Vans CLASSIC SLIP-ON Classic 棋盘格 低帮 板鞋 男女同款 黑白,225,https://cdn.poizon.com/pro-img/origin-img/20230721/e359fbaf2e2445d48666c2cef2ba3794.jpg
Crocs卡骆驰 Classic clog EVA 经典沙滩 洞洞鞋 2cm 男女同款 白色,232,https://cdn.poizon.com/pro-img/origin-img/20220212/b1de5cf4c6414d3486f7cf3077ef8315.jpg
PUMA彪马 Clyde Hardwood Team 时尚舒适 耐磨 低帮 实战篮球鞋 男女同款 白黑,254,https://cdn.poizon.com/pro-img/origin-img/20230526/f62c379dd2914ece9bef4e0c79f623ed.jpg
Crocs卡骆驰 Classic clog 经典 沙滩 洞洞鞋 2cm 男女同款 黑色,257,https://cdn.poizon.com/pro-img/origin-img/20220212/0ee77a427fd94a1990ecf72d1b69c4b2.jpg
【品牌专供】LiNing李宁 赤兔7 pro 棉花糖 䨻 高回弹 体测体考 轻量透气 专业竞速减震防滑轻便 低帮 短跑跑步鞋 男款 白紫,279,https://cdn.poizon.com/pro-img/origin-img/20240403/38da2be207434044bbde04ed3aa9c1a6.jpg
Crocs卡骆驰 Bae Clog 小鲸鱼复古克骆格 EVA 舒适时尚 洞洞鞋 6cm 女款 白色,299,https://cdn.poizon.com/pro-img/origin-img/20220212/06bcd4dfc3094af6ab88c07cd1b7ef39.jpg
Crocs卡骆驰 Bae Clog 小鲸鱼复古克骆格 EVA 洞洞鞋 6cm 女款 黑色,299,https://cdn.poizon.com/pro-img/origin-img/20220212/e07ab8a42eff4727bb329792614faec1.jpg
Nike Air Max Fusion 复古经典 轻盈抗震设计 合成革皮革 低帮跑步鞋 男款 白色,319,https://cdn.poizon.com/pro-img/origin-img/20230707/fea5804613f8498591edefb71d3e43f8.jpg
【品牌专供】Asics Jog 100 T 舒适百搭耐磨透气 低帮跑步鞋 男款 黑魂,319,https://cdn.poizon.com/pro-img/origin-img/20240122/6d8aa15af00a4fa28d0efbbeae8f6ea2.jpg
【品牌专供】Converse Run Star Hike 圆头系带 低帮 帆布鞋 男女同款 黑色,349,https://cdn.poizon.com/pro-img/origin-img/20240325/292b93fa2e404e598bb322c2bf60cc8a.jpg
【品牌专供】FILA斐乐 Mars 1 火星 1.0 运动 耐磨 低帮 生活休闲鞋 女款 奶白,399,https://cdn.poizon.com/pro-img/origin-img/20230608/c9712906938b425d927ffee520fb74cf.jpg
【品牌专供】Jordan Air Jordan 1 guava ice 潮流 低帮 复古篮球鞋 女款 奶茶粉,399,https://cdn.poizon.com/pro-img/origin-img/20250324/c88eec87386f477686c2d456839562fd.jpg
【品牌专供】Asics Gel-Flux 4 中短距离舒适稳定 织物减震耐磨透气 低帮 休闲训练长跑短跑城市通勤跑步鞋 男款 白棕,409,https://cdn.poizon.com/pro-img/origin-img/20230707/d2ffdc22b5be4fc29a7a1f1af94a178e.jpg
【品牌专供】adidas originals HANDBALL SPEZIAL 舒适 耐磨 防滑 低帮 板鞋 男女同款 蓝棕,424,https://cdn.poizon.com/pro-img/origin-img/20230721/5c30d32e48c044118d0593c365e3f973.jpg
New Balance NB 530 单层 春季 经典复古 网布织物人造革减震耐磨透气 低帮跑步鞋 男女同款 白银色 D宽,449,https://cdn.poizon.com/pro-img/origin-img/20240726/1eed0defcabe44b989217ec6ef6a8431.jpg
【品牌专供】Nike Hyperdunk 2017 Low EP 低帮 篮球鞋 男款 蓝白,459,https://cdn.poizon.com/pro-img/origin-img/20250519/e8bbf37e7ab04a88ab8d056cc8fe87c3.jpg
【品牌专供】Asics Gel-Kahana 8 稳定舒适 织物合成革减震透气 低帮 休闲越野训练跑步鞋 男款 浅灰,469,https://cdn.poizon.com/pro-img/origin-img/20231226/b240ac740d15451d973e66debe3015eb.jpg
adidas originals GAZELLE INDOOR T头鞋 舒适百搭 低帮 板鞋 男女同款 灰白,519,https://cdn.poizon.com/pro-img/origin-img/20240804/23b9e8c592a944d1b6a8bc47e30d2042.png
【品牌专供】Jordan Air Jordan 1 Low OG “Obsidian” 耐磨透气 低帮 复古篮球鞋 男款 黑白蓝,529,https://cdn.poizon.com/pro-img/origin-img/20250310/f5afd321735f40428751033556e0641d.jpg
【品牌专供】New Balance NB 2002R 舒适美式复古 织物皮革支撑减震透气 低帮休闲跑步鞋 男款 中灰色,569,https://cdn.poizon.com/pro-img/origin-img/20241204/b2a1f3d571e644c7b6f795c414d83abb.jpg
【品牌专供】Onitsuka Tiger鬼塚虎 MEXICO 66 运动经典 低帮 生活休闲鞋 男女同款 白黑,749,https://cdn.poizon.com/pro-img/origin-img/20230608/a99f2cfe8dec40408805b4581a6068af.jpg
【品牌专供】SALOMON萨洛蒙 XT-6 户外运动 网布织物合成革耐磨 低帮跑步鞋 男女同款 冰川白,1013,https://cdn.poizon.com/pro-img/origin-img/20231226/d9d037524ca246008e00b13df3541c16.jpg
"Nike Zoom Kobe 6 protro ""All Star 2.0"" 圆头系带 耐磨透气 低帮 篮球鞋 男款 白色",2355,https://cdn.poizon.com/pro-img/origin-img/20250211/fa027576cb91418f9a4a87e87f48df08.jpg
