标题,地区,回头客,价格
PBT热升华卡通动漫人物键帽定制图案大键定制机械键盘键帽制作OEM,山东 济宁,回头客1千,60.0
HP/惠普KM100键盘鼠标套装有线静音键鼠笔记本台式电脑办公打字,湖北 武汉,回头客1万,69.9
惠普有线机械手感游戏键盘女生办公打字用键盘鼠标套装笔记本台式,山东 枣庄,回头客1千,73.75
惠普K300键盘有线轻音薄膜机械手感电竞游戏女生办公电脑打字,山东 枣庄,回头客2千,73.75
HP/惠普有线键盘鼠标套装办公笔记本电脑台式商务安静轻音游戏USB,湖北 武汉,回头客2万,79.0
夏科电脑键盘鼠标套装有线台式笔记本办公专用静音无声真机械手感,广东 深圳,回头客2万,89.0
优派有线键盘鼠标套装台式电脑笔记本外接静音办公打字专用机械,广东 深圳,回头客5千,99.0
机械手感键盘  有线鼠标耳机三套装,广东 广州,回头客7千,119.9
惠普机械键盘 游戏键盘办公键鼠套装笔记本电脑台式电脑通用键盘,山东 枣庄,回头客2千,148.75
无线键盘鼠标套装机械手感游戏电竞专用蓝牙台式电脑通用静音办公,广东 深圳,回头客3千,158.0
惠普K300键盘有线机械手感打字办公电脑98轻音男女生台式笔记本,广东 东莞,回头客1万,199.0
AOC GK410Pro104键机械键盘全键青轴热插拔电脑键鼠套装电竞游戏,广东 东莞,回头客3千,215.0
森松尼机械键盘有线电竞游戏专用台式笔记本电脑办公套装青红茶轴,广东 深圳,11年老店,240.0
HP惠普官方机械键盘键鼠套装有线电竞游戏专用侧刻男女笔记本台式,广东 广州,回头客50万,249.0
惠普机械键盘键鼠套装鼠标电竞游戏笔记本电脑键盘台式男女生办公,广东 广州,回头客50万,279.0
狼蛛S98无线机械键盘鼠标套装无线三模电竞游戏办公青红茶黑轴,广东 东莞,回头客1万,279.0
HP/惠普GK200机械键盘男女生渐变有线电竞游戏办公87键青茶红轴,广东 东莞,回头客1万,299.0
狼蛛F2088pro机械键盘侧刻108键电竞游戏办公台式电脑鼠标套装,广东 东莞,回头客1万,299.0
腹灵nx87机械键盘游戏电竞专用男女学生静音有线无线电脑高颜值,广东 东莞,回头客4千,299.0
前行者真机械手感键盘鼠标套装电竞游戏专用电脑垫无线键鼠三件套,广东 深圳,回头客2万,299.0
狼途T98机械键盘鼠标套装电竞游戏办公有线台式电脑笔记本红青轴,广东 东莞,回头客5千,299.0
ikbc工业灰樱桃cherry机械键盘108键游戏茶红轴有线无线办公键盘,广东 东莞,回头客6千,319.0
狼蛛F2088pro有线机械键盘鼠标套装108键电竞游戏办公耳机专用全,广东 东莞,回头客5千,349.0
108键无线蓝牙三模机械键盘游戏办公客制化RGB轴座热插拔女生有线,安徽 合肥,5年老店,369.0
美加狮MAD60/68 HE电竞磁轴键盘mad68pro游戏专用机械键盘61/68键,广东 东莞,回头客4万,379.0
前行者MT87等高线无线三模机械键盘鼠标套装女生办公电竞游戏专用,江西 南昌,回头客7千,399.0
前行者TK900机械键盘鼠标套装游戏电竞专用电脑有线无线键鼠男生,江西 南昌,回头客2万,399.0
前行者无线蓝牙机械键盘鼠标套装电脑办公游戏电竞专用青轴108键,江西 南昌,回头客2万,399.0
鲸语星愿机械键盘电竞游戏有线青轴电脑笔记本打字办公男女生发光,广东 深圳,回头客4千,399.0
前行者X87Pro客制化机械键盘无线蓝牙三模Ultra电脑电竞游戏专用,江西 南昌,回头客10万,499.0
绘王K40迷你USB无线小键盘电脑绘画绘图屏数位板手绘板外接快捷键,广东 深圳,回头客4千,499.0
美加狮mad light 60 HE镂空磁轴键盘游戏电竞专用全铝无畏契约,广东 东莞,回头客4万,598.0
狼蛛WiN60/68HE磁轴机械键盘RT电竞游戏FPS无畏契约客制化有线RGB,广东 东莞,回头客1万,599.0
前行者V99Pro粉底液机械键盘无线蓝牙高颜值女生办公专用鼠标套装,江西 南昌,回头客10万,699.0
机械键盘侧刻三模98配列无线电竞游戏蓝牙有线客制化TTC烈焰轴,广东 东莞,回头客1万,699.0
ATK RS6磁轴键盘游戏电竞专用 高端单模全铝电脑机械键盘无畏契约,广东 东莞,回头客5万,799.0
CHERRY樱桃MX3.0S机械键盘铝坨坨游戏电竞无线有线108/88键,上海,回头客2万,1199.0
MelGeek小蜜蜂MADE68PRO+磁轴键盘RT0.01游戏电竞无畏契约打瓦,广东 深圳,回头客2万,1248.0
磁轴新品ROG魔导士Ace HFX磁轴键盘低延率可调键程一键切换RT,上海,回头客3万,1249.0
ROG魔导士RX LP矮光轴RX机械键盘三模无线键盘68键RGB支持MacOS白色无,上海,回头客3万,1819.0
CHERRY樱桃XAGA曜石宝可梦耿鬼联名无线三模机械键盘兼容Win/Mac,上海,回头客2万,2099.0
